subject_id,course_id,plan_type,semester,thai_subject,eng_subject,credits,compulsory_subject,condition,description_thai,description_eng,clo
SU101,2,โครงงานวิจัย,ปีที่ 1 ภาคการศึกษาที่ 1,ศิลปะศิลปากร,Silpakorn Arts,3(2-2-5),,,ความซาบซึ้งในคุณค่าและความงามของธรรมชาติ งานสร้างสรรค์ทางศิลปะ ทัศนศิลป์ ศิลปะการแสดง ศิลปหัตถกรรม ดนตรี งานออกแบบ และสถาปัตยกรรม ทั้งของไทยและต่างประเทศ และความเชื่อมโยงทางสุนทรียศาสตร์,"Appreciation of the value and beauty of nature, creative arts, visual arts, performing arts, handicraft arts, music, design and architecture of Thailand and foreign countries, and aesthetic connections.",
SU201,2,โครงงานวิจัย,ปีที่ 1 ภาคการศึกษาที่ 1,ภาษาอังกฤษในยุคดิจิทัล,English in the Digital Era,3(2-2-5),,นักศึกษาที่มีผลการทดสอบภาษาอังกฤษแรกเข้า ตั้งแต่ระดับ B1 ขึ้นไป หรือมีผลการทดสอบ ภาษาอังกฤษจากสถาบันทดสอบภาษาอื่นที่เทียบเท่า ตั้งแต่ระดับ B1 ขึ้นไป ตามประกาศของ มหาวิทยาลัย ได้รับการยกเว้นไม่ต้องลงทะเบียนเรียนรายวิชา SU201,การพัฒนาทักษะการฟัง การพูด การอ่าน และการเขียนภาษาอังกฤษเพื่อการสื่อสารในชีวิตประจำวัน การใช้ภาษาอังกฤษเป็นเครื่องมือในการเรียนรู้ด้วยตนเองในยุคดิจิทัล,"Developing English listening, speaking, reading, and writing skills for everyday communication; using English as a tool for self-directed learning in the digital era.",
SU301,2,โครงงานวิจัย,ปีที่ 1 ภาคการศึกษาที่ 1,พลเมืองตื่นรู้,Active Citizen,3(3-0-6),,,ความเป็นพลเมือง การรู้เท่าทันการเปลี่ยนแปลงของสังคมไทย สังคมโลก และสังคมออนไลน์ ความรับผิดชอบต่อสังคม การต่อต้านการทุจริต การมีส่วนร่วมกับชุมชน และจิตสาธารณะ,"Citizenship; awareness of changes in Thai society, global society and online society; social responsibility; anti-corruption; community engagement; public spirit.",
511100,2,โครงงานวิจัย,ปีที่ 1 ภาคการศึกษาที่ 1,ความรู้พื้นฐานสำหรับแคลคูลัส,Precalculus,3(3-0-6),,วิชานี้วัดผลเป็น S หรือ U,สมบัติของจำนวนจริง ค่าสัมบูรณ์ อัตราส่วน ร้อยละ การเทียบบัญญัติไตรยางศ์ พหุนาม เศษส่วนของพหุนาม การแก้สมการและอสมการพหุนาม ระบบสมการเชิงเส้น ฟังก์ชัน ฟังก์ชันผกผัน ฟังก์ชันเชิงกำลัง ฟังก์ชันลอการิทึม กราฟของฟังก์ชันพื้นฐาน ทฤษฎีบทพีทาโกรัส ฟังก์ชันตรีโกณมิติ,"Properties of real numbers. Absolute values. Ratios. Percents. Rule of three. Polynomials. Polynomial fractions. Solving polynomial equations. Solving polynomial inequalities.   Systems of linear equations. Functions. Inverse functions. Exponential functions. Logarithm functions. Graphs. Pythagoras’ theorem. Trigonometric functions.","CLO1 คำนวณการบวก ลบ คูณ หาร จำนวนจริงและเศษส่วนได้
CLO2 คำนวณค่าสัมบูรณ์ของจำนวนจริงได้
CLO3 คำนวณอัตราส่วน ร้อยละ และเทียบบัญญัติไตรยางศ์ได้
CLO4 คำนวณการบวก ลบ คูณ หาร พหุนามและเศษส่วนของพหุนามได้
CLO5 แยกตัวประกอบพหุนามและแก้สมการพหุนามกำลังสองตัวแปรเดียวได้
CLO6 แก้อสมการพหุนามและพหุนามกำลังสองตัวแปรเดียวได้
CLO7 แก้ระบบสมการเชิงเส้นได้
CLO8 คำนวณค่าของฟังก์ชัน การบวก ลบ คูณ หารของฟังก์ชัน ฟังก์ชันผลประกอบ และฟังก์ชันผกผันได้
CLO9 คำนวณเลขยกกำลังที่มีเลขชี้กำลังเป็นจำนวนเต็มและเลขยกกำลังที่มีเลขชี้กำลังเป็นจำนวนตรรกยะได้
CLO10 คำนวณรากที่ n ในระบบจำนวนจริง และจำนวนจริงในรูปกรณฑ์ได้
CLO11 บอกนิยามและสมบัติของฟังก์ชันเอกซ์โพเนนเชียลได้"
511113,2,โครงงานวิจัย,ปีที่ 1 ภาคการศึกษาที่ 1,แคลคูลัสสำหรับเทคโนโลยีสารสนเทศ,Calculus for Information Technology,3(3-0-6),*511100 ความรู้พื้นฐานสำหรับแคลคูลัส *อาจเรียนพร้อมกันได้,,เมทริกซ์และการแก้ระบบสมการเชิงเส้น สมบัติทางพีชคณิตและเรขาคณิตของเวกเตอร์ อนุพันธ์และการประยุกต์ ปริพันธ์และการประยุกต์ อนุกรมเทย์เลอร์และอนุกรมแมคคลอริน สมการเชิงอนุพันธ์อันดับหนึ่งแบบแยกตัวแปรได้และการประยุกต์,"Matrices and solving systems of linear equations. Algebraic and geometric properties of vectors. Derivatives and applications. Integrals and applications. Taylor series and Maclaurin series. First order separable differential equations and applications.","CLO1 อธิบายสมบัติทางพีชคณิตของการดำเนินการบนเมทริกซ์ได้
CLO2 ประยุกต์ใช้ความรู้เรื่องเมทริกซ์ในการแก้ระบบสมการเชิงเส้นได้
CLO3 อธิบายสมบัติทางพีชคณิตและเรขาคณิตของการดำเนินการบนเวกเตอร์ได้
CLO4 เขียนสมการของเส้นตรงและระนาบที่กำหนดให้ได้
CLO5 อธิบายความหมายในเชิงเรขาคณิตของอนุพันธ์ได้
CLO6 คำนวณอนุพันธ์ของฟังก์ชันพหุนาม ฟังก์ชันตรรกยะ และฟังก์ชันอดิศัยโดยใช้กฎลูกโซ่ได้
CLO7 ประยุกต์ใช้ความรู้เรื่องอนุพันธ์ในการแก้ปัญหาค่าสูงสุดและค่าต่ำสุดได้
CLO8 คำนวณปริพันธ์ไม่จำกัดเขตโดยการอินทิเกรตโดยการแทน และการอินทิเกรตทีละส่วนได้
CLO9 คำนวณปริพันธ์จำกัดเขตโดยใช้ทฤษฎีบทหลักมูลของแคลคูลัสได้
CLO10 ประยุกต์ใช้ความรู้เรื่องปริพันธ์จำกัดเขตในการหาพื้นที่ของบริเวณระหว่างเส้นโค้งได้
CLO11 สามารถเขียนอนุกรมเทย์เลอร์และอนุกรมแมคลอรินของฟังก์ชันที่กำหนดให้ได้อย่างถูกต้อง
CLO12 สามารถหาผลเฉลยของสมการเชิงอนุพันธ์อันดับหนึ่งแบบแยกตัวแปรได้
CLO13 ประยุกต์ใช้ความรู้เรื่องสมการเชิงอนุพันธ์อันดับหนึ่งแบบแยกตัวแปรได้ในการแก้ปัญหาที่กำหนดให้ได้"
515105,2,โครงงานวิจัย,ปีที่ 1 ภาคการศึกษาที่ 1,สถิติสำหรับเทคโนโลยีสารสนเทศ,Statistics for Information Technology,3(2-2-5),,,ความหมายและประเภทของสถิติ การเก็บรวบรวมข้อมูล ข้อมูลและระดับการวัด สถิติพรรณนา การนำเสนอข้อมูล ความน่าจะเป็น ตัวแปรสุ่ม การแจกแจงความน่าจะเป็นของตัวแปรสุ่มที่สำคัญ  เช่น การแจกแจงทวินาม การแจกแจงปัวซง การแจกแจงปรกติ และ การแจกแจงแจงแบบเลขชี้กำลัง การแจกแจงค่าตัวอย่าง การประมาณค่าพารามิเตอร์และช่วงความเชื่อมั่น การทดสอบสมมติฐาน สถิติที่ไม่ใช้พารามิเตอร์  การถดถอยอย่างง่ายและสหสัมพันธ์ การวิเคราะห์ความแปรปรวน การประยุกต์สถิติเพื่อใช้ประมวลผลข้อมูลด้านวิทยาศาสตร์ ธุรกิจ และเทคโนโลยีสารสนเทศ การใช้ภาษาโปรแกรมในการวิเคราะห์และแปลผล,"Definition and types of statistics. Data collection. Data and level of measurements. Descriptive statistics. Data representation. Probability.  Random variable. Some crucial probability distributions of random variables: binomial distribution, poisson distribution, normal distribution and exponential distribution.  Sampling distribution.  Parameter estimation and confidence intervals. Hypothesis testing. Nonparametric statistics. Simple regression and correlation. Analysis of variance. Application of statistics for data processing in science, business, and information technology. Utilization of programming language for analysis and interpretation.","CLO1 อธิบายแนวคิดพื้นฐานทางสถิติและกระบวนการสถิติ ได้แก่ ตัวแปรและข้อมูล ระดับการวัดของตัวแปร  การนำเสนอข้อมูล และวิเคราะห์ข้อมูล และการสรุปผลที่ได้จากการวิเคราะห์ข้อมูล
CLO2 อธิบายวิธีการเก็บรวบรวมข้อมูลทั้งจากการสำรวจ และการทดลอง
CLO3 เลือกและสร้างกราฟ ตารางและการสรุปเชิงตัวเลขที่เหมาะสมเพื่ออธิบายการแจกแจงของตัวแปรแต่ละตัวในชุดข้อมูลและอธิบายสารสนเทศที่ได้ในรูปแบบการเขียนเชิงพรรณนา
CLO4 อธิบายหลักการพื้นฐานของความน่าจะเป็นและตัวแปรสุ่มและใช้นิยามของความน่าจะเป็นแบบมีเงื่อนไขและความเป็นอิสระกันของเหตุการณ์เพื่อพิจารณาความเป็นอิสระกันของเหตุการณ์ได้
CLO5 อธิบายลักษณะและพฤติกรรมของตัวแปรสุ่มที่สำคัญทั้งชนิดไม่ต่อเนื่องและตัวแปรสุ่มชนิดต่อเนื่องโดยใช้ฟังก์ชันการแจกแจงความน่าจะเป็นและฟังก์ชันการแจกแจงความน่าจะเป็นสะสมของตัวแปรสุ่ม 
CLO6 อธิบายแนวคิดของการแจกแจงค่าตัวอย่าง และอธิบายคุณสมบัติของการแจกแจงของค่าเฉลี่ยตัวอย่าง สัดส่วนตัวอย่างโดยใช้ทฤษฎีลิมิตสู่ส่วนกลาง
CLO7 อธิบายหลักการของการอนุมานทางสถิติและนำหลักการของการอนุมานทางสถิติไปใช้ในการประมาณค่าและทดสอบสมมติฐานเกี่ยวกับพารามิเตอร์ เพื่อแก้ปัญหาที่เกี่ยวข้องกับบริบทต่าง ๆ ในเชิงสถิติได้
CLO8 สรุปข้อมูลในเชิงความสัมพันธ์ระหว่างตัวแปร 2 ตัว โดยใช้กราฟ, ตาราง และการคำนวณเชิงตัวเลข ได้แก่ การทำแผนภาพการกระจาย ตารางการณ์จร สัมประสิทธิ์สหสัมพันธ์ และเส้นการถดถอย พร้อมทั้งตรวจสอบและอธิบายความสัมพันธ์หรือความเกี่ยวพันระหว่างตัวแปรสองตัว โดยใช้ความระมัดระวังในการแปลความหมายของสหสัมพันธ์ (correlation) และความเกี่ยวพัน (associations)
CLO9 ประยุกต์สถิติเพื่อใช้ประมวลผลข้อมูลด้านวิทยาศาสตร์ ธุรกิจ และเทคโนโลยีสารสนเทศ
CLO10 แปลความหมายของสารสนเทศเชิงปริมาณที่ได้จากการวิเคราะห์ข้อมูลและสื่อสารสารสนเทศและหลักการเชิงสถิติโดยใช้ภาษาที่เหมาะสมกับบริบทและผู้ฟัง
CLO11 ใช้ภาษาโปรแกรมในการวิเคราะห์และแปลผลการวิเคราะห์ได้อย่างถูกต้อง"
517121,2,โครงงานวิจัย,ปีที่ 1 ภาคการศึกษาที่ 1,ทักษะการเขียนโปรแกรมคอมพิวเตอร์ 1,Computer Programming Skill I,4(2-4-6),,,ระบบคอมพิวเตอร์และการประมวลผลข้อมูลเบื้องต้น ผังงาน การเขียนโปรแกรมแบบโครงสร้าง ตัวดำเนินการทางเลขคณิตและตรรกศาสตร์ ประโยคกำหนดเงื่อนไข การวนซ้ำ การซ้อนเงื่อนไขและการซ้อนการวนซ้ำ แถวลําดับ แถวลําดับหลายมิติ ตัวชี้ สายอักขระ ฟังก์ชัน การทดสอบและการแก้ไขจุดบกพร่อง การพัฒนาโปรแกรมเพื่อใช้ในการแก้ปัญหา เทคนิคในการเขียนโปรแกรมสำหรับปัญหาที่ซับซ้อน,"Introduction to computer systems and data processing. Flowchart. Structured programming. Arithmetic and logical operators. Conditional statements. Loops. Nested conditional statements and loops. Array. Multidimensional array. Pointer. String. Function. Program testing and debugging. Program development for problem solving. Programming techniques for solving complex problems.","CLO1 อธิบายความสัมพันธ์ระหว่างระบบคอมพิวเตอร์กับการประมวลผลของโปรแกรม
CLO2 วิเคราะห์ปัญหา โดยระบุวัตถุประสงค์ ข้อมูลเข้า ผลลัพธ์ และขั้นตอนการทำงานได้
CLO3 เลือกใช้คำสั่งได้เหมาะสมกับขั้นตอนการทำงาน
CLO4 เขียนโปรแกรมแบบโครงสร้างเพื่อแก้ปัญหาได้
CLO5 ทดสอบและแก้ไขจุดบกพร่องของโปรแกรมได้
CLO6 เลือกชนิดข้อมูลและโครงสร้างข้อมูลประเภทต่าง ๆ ในแง่พื้นที่จัดเก็บ ช่วงค่าที่เป็นได้ ลักษณะการใช้งานได้
CLO11 ปฏิบัติบัติตนเหมาะสมตามจริยธรรม และมีความรับผิดชอบต่อตนเองในการเข้าชั้นเรียน"
520101,2,โครงงานวิจัย,ปีที่ 1 ภาคการศึกษาที่ 1,พื้นฐานคอมพิวเตอร์และวิทยาการสารสนเทศ,Foundation of Computer and Informatics,3(2-2-5),,,ภาพรวมของศาสตร์ทางคอมพิวเตอร์และเทคโนโลยีสารสนเทศ วิวัฒนาการของเทคโนโลยีสารสนเทศ แนวคิดพื้นฐานสำหรับการสร้างโปรแกรม เทคโนโลยีฐานข้อมูล การสื่อสารข้อมูล ประเด็นทางด้านจริยธรรม ผลกระทบของคอมพิวเตอร์และระบบสารสนเทศต่อสังคม การทำงานร่วมกันเป็นทีม และโดเมนแอปพลิเคชัน,"Overview of computer science and information technology. Information technology revolution. Basic concepts for programming. Database technology. Data communication. Ethical issues. Social impact of computer and information system. Team collaboration tools and application domains.","CLO1 อธิบายความสามารถและหลักการทำงานของระบบคอมพิวเตอร์และสารสนเทศเบื้องต้นได้
CLO2 อธิบายวิวัฒนาการของเทคโนโลยีสารสนเทศได้
CLO3 อธิบายแนวคิดพื้นฐานสำหรับการสร้างโปรแกรมได้
CLO4 อธิบายเทคโนโลยีฐานข้อมูลเบื้องต้นได้
CLO5 อธิบายหลักการสื่อสารข้อมูลเบื้องต้นได้
CLO6 อธิบายประเด็นทางจริยธรรมที่เกี่ยวข้องกับคอมพิวเตอร์และเทคโนโลยีสารสนเทศได้
CLO7 อธิบายถึงผลกระทบของคอมพิวเตอร์และระบบสารสนเทศที่มีต่อสังคมได้
CLO8 ใช้งานแอปพลิเคชันพื้นฐานที่ใช้ในปัจจุบัน เพื่อการทำงานร่วมกันได้"
SU102,2,โครงงานวิจัย,ปีที่ 1 ภาคการศึกษาที่ 2,ศิลปากรสร้างสรรค์,Creative Silpakorn,3(3-0-6),,,การบูรณาการการเรียนรู้ ผ่านการจัดการเรียนการสอนแบบโครงการด้วยกิจกรรมสร้างสรรค์ การพัฒนาทักษะการเป็นผู้นำและการเป็นผู้ตามที่ดี ทักษะการติดต่อสื่อสาร ทักษะการเรียนรู้และการทำงานอย่างสร้างสรรค์ ความรับผิดชอบต่อชุมชนและสังคมของนักศึกษา  การปลูกฝังเอกลักษณ์และวัฒนธรรมของมหาวิทยาลัยศิลปากรให้กับนักศึกษา  โครงการสร้างสรรค์ในประเด็นที่สนใจภายใต้การดูแลของอาจารย์ที่ปรึกษาเพื่อให้เกิดการรับรู้หรือการเปลี่ยนแปลง,"Integration of project-based learning focusing on creative activities;  development of the skills of leadership, teamwork, communication, creative learning and working, students’ community and social responsibilities; instilling Silpakorn University identity and culture; creative projects on issues of interest under the advisors’ supervision to enhance recognition or encourage changes.",
SU202,2,โครงงานวิจัย,ปีที่ 1 ภาคการศึกษาที่ 2,ภาษาอังกฤษเพื่อการสื่อสารนานาชาติ,English for International Communication,3(2-2-5),SU201 ภาษาอังกฤษในยุคดิจิทัล,นักศึกษาที่มีผลการทดสอบภาษาอังกฤษแรกเข้า ตั้งแต่ระดับ B2 ขึ้นไป หรือมีผลการทดสอบภาษาอังกฤษจากสถาบันทดสอบภาษาอื่นที่เทียบเท่าตั้งแต่ระดับ B2 ขึ้นไป ตามประกาศของมหาวิทยาลัย ได้รับการยกเว้นไม่ต้องลงทะเบียนเรียนรายวิชา SU202,การพัฒนาทักษะภาษาอังกฤษ การเพิ่มพูนความรู้ภาษาอังกฤษ การใช้ภาษาอังกฤษตามวัตถุประสงค์ การใช้ภาษาอังกฤษเป็นเครื่องมือสื่อสารในบริบทนานาชาติและวัฒนธรรมภาษาอันหลากหลาย,"Developing English skills; improving knowledge of English; using English for different purposes; using English as a tool for communication in international and culturally and linguistically diverse contexts.",
SU203,2,โครงงานวิจัย,ปีที่ 1 ภาคการศึกษาที่ 2,ทักษะการสื่อสารอย่างสร้างสรรค์,Creative Communication Skills,3(3-0-6),,,หลักการสื่อสาร การสื่อสารด้วยวจนภาษาและอวจนภาษา ทักษะการสื่อสารอย่างสร้างสรรค์และมีประสิทธิภาพในแวดวงที่หลากหลาย การสื่อสารข้ามวัฒนธรรม การสื่อสารผ่านสื่อสังคมออนไลน์ การรู้เท่าทันดิจิทัล,"Principles of communication; verbal and non-verbal communication; creative and effective communication skills in various fields; cross-cultural communication; social media communication; digital literacy.",
SU401,2,โครงงานวิจัย,ปีที่ 1 ภาคการศึกษาที่ 2,ความเป็นผู้ประกอบการที่ขับเคลื่อนด้วยนวัตกรรม,Innovation-Driven Entrepreneurship,3(3-0-6),,,ทักษะที่จำเป็นในการเป็นผู้ประกอบการ ความตระหนักถึงทักษะทางกฎหมาย ธุรกิจการบริหารจัดการ ความคิดสร้างสรรค์ การวิเคราะห์ และการมีปฏิสัมพันธ์ระหว่างบุคคลที่เกี่ยวข้องกับการจัดตั้งและดำเนินธุรกิจใหม่,"Essential skills for entrepreneurs; awareness of the legal, business, managerial, creative, analytical and interpersonal skills relevant to starting and running a new venture.",
517122,2,โครงงานวิจัย,ปีที่ 1 ภาคการศึกษาที่ 2,ทักษะการเขียนโปรแกรมคอมพิวเตอร์ 2,Computer Programming Skill II,4(2-4-6),517 121 ทักษะการเขียนโปรแกรมคอมพิวเตอร์ 1,,ความคิดเชิงวัตถุเบื้องต้น การห่อหุ้ม การสร้างคลาส การทํางานและการส่งสารของคลาส วัตถุ การสร้างฟังก์ชันสําหรับกําหนดค่าเริ่มต้นและสิ้นสุด การสืบทอดคุณสมบัติ การทําพหุรูป การโอเวอร์โหลดฟังก์ชันและตัวดําเนินการ ฟังก์ชันสามัญ เทคนิคการเขียนโปรแกรมสำหรับปัญหาที่ซับซ้อน,"Introduction to object concept. Encapsulation. Class, method, and message of class. Object. Constructor and destructor functions. Inheritance. Polymorphism. Function overloading and operator overloading. Generic functions. Programming techniques for solving complex problems.","CLO1 วิเคราะห์ปัญหา โดยระบุวัตถุประสงค์ ข้อมูลเข้า และผลลัพธ์ 
CLO2 เรียงลำดับการทำงานแต่ละขั้นตอนเพื่อบรรลุวัตถุประสงค์ของปัญหา 
CLO3 เลือกใช้คำสั่งได้เหมาะสมกับขั้นตอนการทำงาน
CLO4 ทดสอบและแก้ไขจุดบกพร่องของโปรแกรมได้
CLO5 เลือกชนิดข้อมูลและโครงสร้างข้อมูลประเภทต่าง ๆ ในแง่พื้นที่จัดเก็บ ช่วงค่าที่เป็นได้ ลักษณะการใช้งานได้
CLO6 เลือกใช้ชนิดข้อมูลที่เหมาะสมในการเขียนโปรแกรมเพื่อแก้ปัญหา
CLO7 เขียนส่วนประกอบของโครงสร้างข้อมูลชนิดคลาสทั้งแอตทริบิว และเมธอด
CLO8 สร้างชนิดข้อมูลคลาสขึ้นเอง สร้างวัตถุจากชนิดข้อมูลคลาส พร้อมทั้งเรียกใช้งาน
CLO9 แสดงข้อมูลในหน่วยความจำของตัวแปรชนิดต่าง ๆ และการเปลี่ยนแปลงที่เกิดขึ้นเมื่อทำงานตามคำสั่ง
CLO10 จัดลำดับการทำงานของโปรแกรมเพื่อแก้ปัญหาได้
CLO11 เรียกใช้การทำงานของตัวสร้างและเมธอดของชนิดข้อมูลประเภทคลาส
CLO12 อธิบายแนวคิดและหลักการทำงานของ Java Virtual Machine
CLO13 อธิบายความแตกต่างระหว่างหน่วยความจำ heap และ stack
CLO14 เขียนโปรแกรมโดยเลือกใช้อัลกอริทึมที่เหมาะสมเพื่อแก้ปัญหาที่ซับซ้อนได้
CLO15 ปฏิบัติบัติตนเหมาะสมตามจริยธรรม และมีความรับผิดชอบต่อตนเองในการเข้าชั้นเรียน"
520111,2,โครงงานวิจัย,ปีที่ 1 ภาคการศึกษาที่ 2,โครงสร้างเชิงการคำนวณแบบไม่ต่อเนื่อง,Discrete Computational Structures,3(3-0-6),,,คณิตศาสตร์และทฤษฎีความน่าจะเป็นเบื้องต้น  คอมบินาทอริกส์  ฟังก์ชันก่อกำเนิดและความสัมพันธ์เวียนเกิด  กราฟและการประยุกต์   ทฤษฎีรูปต้นไม้และข่ายงาน,"Introduction to mathematics and probability theories. Combinatorics. Generating functions and recurrence relations. Graphs and applications. Theory of trees and networks.","CLO1 อธิบายหลักการนับเบื้องต้น
CLO2 อธิบายลักษณะฟังก์ชันก่อกำเนิด
CLO3 ประยุกต์ใช้ฟังก์ชันก่อกำเนิดในการนับ
CLO4 อธิบายความสัมพันธ์เวียนเกิด และการหาผลเฉลย
CLO5 ประยุกต์ใช้ฟังก์ชันก่อกำเนิดในการหาผลเฉลยความสัมพันธ์เวียนเกิด
CLO6 อธิบายทฤษฏีกราฟเบื้องต้น
CLO7 อธิบายต้นไม้ (Tree) และการประยุกต์ใช้ต้นไม้
CLO8 อธิบายกราฟทิศทาง (Directed graph)
CLO9 อธิบายข่ายงาน และการประยุกต์ใช้ข่ายงาน
CLO10 อธิบายเครื่องยนต์สถานะจำกัดเบื้องต้น
CLO11 อธิบายการหาเส้นทางที่สั้นที่สุดโดย Dijkstra’s algorithm
CLO12 อธิบายการหาต้นไม้ทอดข้ามที่น้อยที่สุดโดย Kruskal’s algorithm และ Prim’s algorithm"
520112,2,โครงงานวิจัย,ปีที่ 1 ภาคการศึกษาที่ 2,เว็บเทคโนโลยี,Web Technology,1(0-2-1),,,ความสำคัญของเว็บเทคโนโลยี หลักการเบื้องต้นของเว็บเทคโนยี สถาปัตยกรรมของเว็บ โครงสร้างของเว็บ  การสร้างเว็บไซต์ด้วยภาษาเอชทีเอ็มแอล เอชทีเอ็มแอลอิลิเมนท์ และเอชทีเอ็มแอลแอตทริบิวท์ ซีเอสเอส และสื่อประสมบนเว็บ การสร้างเว็บที่ทุกคนเข้าถึงได้ การสร้างเว็บแบบตอบสนอง,"Importance of  web technology.  Basic principles of web technology. Web architecture and structure. Website development using HTML, HTML elements, and HTML attributes. CSS and Web multimedia. Website accessibility. Responsive web design.","CLO1 ใช้ส่วนประกอบ และสถาปัตยกรรมของเว็บได้
CLO2 สร้างเว็บไซต์ด้วยภาษาเอชทีเอ็มแอลได้
CLO3 ใช้ Front end design frameworks ในการสร้างเว็บไซต์แบบ Responsive Design ได้
CLO4 สร้างเว็บไซต์ที่ทุกคนเข้าถึงได้ ตามหลักการและข้อกำหนดของ W3C ได้"
SU402,2,โครงงานวิจัย,ปีที่ 2 ภาคการศึกษาที่ 1,นวัตกรรมและการออกแบบ,Innovation and Design,3(3-0-6),,,แนวคิด หลักการสร้างนวัตกรรมผ่านกระบวนการคิดเชิงออกแบบตามขั้นตอน การทำความเข้าใจปัญหา การระดมความคิดเห็น การเรียนรู้ผ่านการทดลองปฏิบัติและเผยแพร่อย่างสร้างสรรค์,"Concepts and principles of innovation creation through the design thinking process; understanding challenges; brainstorming; learning through practice and creative publicization.",
520213,2,โครงงานวิจัย,ปีที่ 2 ภาคการศึกษาที่ 1,โครงสร้างข้อมูลพื้นฐานและการประยุกต์,Fundamental of Data Structures and Applications,3(2-2-5),517 122 ทักษะการเขียนโปรแกรมคอมพิวเตอร์ 2,,แนวคิดและหลักการพื้นฐานของการแทนข้อมูล ตัวดำเนินการ และขั้นตอนวิธีสำหรับโครงสร้างแบบเชิงเส้น ระดับชั้น และข่ายงาน ประกอบด้วย ลิสต์ กองซ้อน คิว คิวสองหน้า รูปต้นไม้ และกราฟ การวัดประสิทธิภาพของขั้นตอนวิธีของการเรียงลำดับและการค้นหาข้อมูล การประยุกต์การใช้โครงสร้างข้อมูลและขั้นตอนวิธีต่าง ๆ ในการพัฒนาโปรแกรมประยุกต์เพื่อแก้ไขปัญหาซึ่งมีลักษณะที่หลากหลาย,"Basic concepts and principles of representations, operators, and algorithms in linear, hierarchical and network structures including: list, stack, queue, double-ended queue, tree, and graph. The measurement of efficiency of sorting and searching algorithms. Implementations of data structures and algorithms on application program developments for solving various problems.","CLO1 อธิบายแนวคิดและหลักการพื้นฐานของโครงสร้างข้อมูล เช่น โครงสร้างแบบเชิงเส้น ระดับชั้น ข่ายงาน ลิสต์ กองซ้อน คิว และคิวสองหน้า ต้นไม้ และกราฟได้
CLO2 สามารถเลือกใช้โครงสร้างข้อมูลที่เหมาะสมกับปัญหาได้
CLO3 อธิบายลำดับการทำงานและความสำคัญของขั้นตอนวิธีที่ใช้ในโครงสร้างข้อมูลพื้นฐาน เช่น การค้นหา และการจัดเรียงข้อมูลได้
CLO4 วิเคราะห์ประสิทธิภาพการทำงานของโครงสร้างข้อมูลพื้นฐานได้
CLO5 พัฒนาหรือต่อยอดโปรแกรมประยุกต์ที่ใช้โครงสร้างข้อมูลขั้นสูง เช่น ต้นไม้ และกราฟได้"
520214,2,โครงงานวิจัย,ปีที่ 2 ภาคการศึกษาที่ 1,ดิจิทัลแพลตฟอร์มและโครงสร้างพื้นฐาน,Digital Platform and Infrastructure,3(2-2-5),,,สถาปัตยกรรมและโครงสร้าง ระบบปฏิบัติการและลีนุกซ์คอมมาน แนวคิดการจัดเก็บเวอร์ชัน หลักการพื้นฐานของระบบควบคุมรุ่นแบบกระจายสมัยใหม่ การใช้งานระบบควบคุมรุ่นแบบกระจาย การปรับแก้ขณะใช้งานระบบควบคุมรุ่นแบบกระจาย แนวคิดของสาขา การจัดการสาขาเบื้องต้น แนวคิดของคอนเทนเนอร์ การจัดการคอนเทนเนอร์แบบคอมมานไลน์ และการจัดการคอนเทนเนอร์ด้วยส่วนต่อประสานกราฟิกกับผู้ใช้,"Computer architecture and structure. Operating system and Linux command. Version control concepts. Basic principles of modern distributed version control. Practical distributed version control. Editing while using distributed version control. Branch concept. Basic branch management. Container concept. Command line container management and container management with a graphical user interface.","CLO1 อธิบายสถาปัตยกรรมและโครงสร้างของคอมพิวเตอร์ได้
CLO2 อธิบายความรู้เบื้องต้นเกี่ยวกับระบบปฏิบัติการได้
CLO3 ใช้งาน Linux Command ที่จำเป็นสำหรับการพัฒนาซอฟต์แวร์สมัยใหม่ได้
CLO4 อธิบายแนวคิดการจัดเก็บเวอร์ชันได้
CLO5 อธิบายหลักการพื้นฐานของ Git ได้
CLO6 ใช้งาน Git ขั้นพื้นฐานได้
CLO7 ใช้งาน Git ร่วมกับ Jupyter Notebook ได้
CLO8 ปรับแก้ขณะใช้งาน Git ได้
CLO9 อธิบายแนวคิดของ Git Branching ได้
CLO10 จัดการ Git Branch เบื้องต้นได้
CLO11 อธิบายแนวคิดของ Docker Container ได้
CLO12 ใช้ Dockerfile, Docker-compose และจัดการ Docker ด้วย Portainer ได้"
520251,2,โครงงานวิจัย,ปีที่ 2 ภาคการศึกษาที่ 1,การปฏิสัมพันธ์ระหว่างมนุษย์กับคอมพิวเตอร์และการออกแบบประสบการณ์ผู้ใช้,Human Computer Interaction and User Experience Design,3(3-0-6),,,หลักการพื้นฐานของการปฏิสัมพันธ์ระหว่างมนุษย์กับคอมพิวเตอร์ ความสามารถและพฤติกรรมมนุษย์ แบบจำลองของการปฏิสัมพันธ์ระหว่างมนุษย์กับคอมพิวเตอร์ รูปแบบของส่วนต่อประสาน เครื่องมือและเทคนิคสำหรับส่วนต่อประสานผู้ใช้ กระบวนการคิดเชิงออกแบบ เทคนิคการออกแบบประสบการณ์ผู้ใช้ หลักการออกแบบโดยอาศัยผู้ใช้เป็นศูนย์กลาง ปัจจัยมนุษย์  หลักการและข้อควรปฏิบัติในการออกแบบ วิธีการทำต้นแบบ  เทคนิคการประเมิน การทำซ้ำเพื่อแก้ปัญหาของความต้องการใช้งาน  การทดสอบความยากง่ายในการใช้งาน,"Fundamental principles of human computer interaction (HCI). Human ability and behavior. HCI model. Type of interfaces. Tools and techniques for user interface (UI). Design thinking. User experience (UX) design techniques. Principles of user-centered design. Human factors. Design principles and guidelines. Prototyping methods. Evaluation techniques. Iterative prototyping of interfaces to address user’s needs. Usability testing.","CLO1 ออกแบบและพัฒนาส่วนต่อประสานกับผู้ใช้โดยยึดผู้ใช้เป็นศูนย์กลาง 
CLO2 ออกแบบและพัฒนาระบบและผลิตภัณฑ์ตามประสบการณ์ของผู้ใช้
CLO3 อธิบายผลกระทบของเทคโนโลยีที่มีต่อมนุษย์ และวางแผนในการเลือกใช้เทคโนโลยีที่เหมาะสมได้
CLO4 อธิบาย และเปรียบเทียบการปฎิสัมพันธ์ระหว่างมนุษย์กับคอมพิวเตอร์ในรูปแบบต่างๆได้
CLO5 อธิบายถึงวิธีการรับรู้ การคิด การรู้จำ ของมนุษย์ ได้
CLO6 ออกแบบตามประสบการณ์ของผู้ใช้ได้อย่างมีประสิทธิภาพ
CLO7 ประยุกต์ใช้รูปการประเมินความยากง่ายในการใช้งานของระบบส่วนต่อประสานและการปฎิสัมพันธ์
CLO8 ใช้เทคโนโลยีสมัยใหม่ในการ สืบค้นข้อมูล ศึกษาค้นคว้า เกี่ยวกับการออกแบบโดยยึดผู้ใช้เป็นศูนย์กลาง และตามประสบการณ์ของผู้ใช้
CLO9 ใช้กระบวนการ เครื่องมือ และความคิดสร้างสรรค์เกี่ยวกับการออกแบบโดยยึดผู้ใช้เป็นศูนย์กลาง และตามประสบการณ์ของผู้ใช้ได้อย่างมีประสิทธิภาพ"
------,2,โครงงานวิจัย,ปีที่ 2 ภาคการศึกษาที่ 1,วิชาเลือกเสรี,,6,,,,,
SUXXX,2,โครงงานวิจัย,ปีที่ 2 ภาคการศึกษาที่ 1,วิชาลือกในหมวดวิชาศึกษาทั่วไป,,3,,,,,
520221,2,โครงงานวิจัย,ปีที่ 2 ภาคการศึกษาที่ 2,ระบบฐานข้อมูล,Database Systems,3(3-0-6),517 111 การเขียนโปรแกรมคอมพิวเตอร์สำหรับนักวิทยาการข้อมูล หรือ   517 121 ทักษะการเขียนโปรแกรมคอมพิวเตอร์ 1,,แนวคิดพื้นฐานและสถาปัตยกรรมของระบบฐานข้อมูล แบบจำลองข้อมูลเชิงแนวคิด การออกแบบฐานข้อมูลและการทำให้เกิดผล ระบบการจัดการฐานข้อมูล บูรณภาพของข้อมูล การจัดการรายการเปลี่ยนแปลงเบื้องต้น ภาษาในการจัดการข้อมูลและภาษาอธิบายความสัมพันธ์ และฐานข้อมูลเชิงสัมพันธ์เชิงไม่สัมพันธ์เบื้องต้น ความปลอดภัยของฐานข้อมูล กรณีศึกษา,"Fundamental concepts and architecture of database systems. Conceptual data models. Database design and implementation. Database management system. Data integrity. Introduction to transaction management. Data manipulation languages and relational algebra practice. Introduction to NoSQL. Database security. Case studies.","CLO1 เขียนอธิบายประวัติของฐานข้อมูล ฐานข้อมูลแต่ละแบบจำลองและวิวัฒนาการได้      
CLO2 เปรียบเทียบข้อแตกต่างของการเก็บข้อมูลด้วยฐานข้อมูลและกับแบบระบบไฟล์ได้
CLO3 อธิบายและเปรียบเทียบความหมายของคำศัพท์เหล่านี้ information, data, database, database management system, metadata, และ data mining
CLO4 อธิบายถึงคุณภาพของข้อมูล (Data quality) ความถูกต้อง (Accuracy) เวลาในการทำงาน และอธิบายหากฐานข้อมูลมีปัญหาส่งผลต่อองค์กรอย่างไร
CLO5 รวบรวม การเก็บข้อมูล การสร้างความสัมพันธ์ การวิเคราะห์ และออกแบบเค้าร่างเชิงตรรกะ และเค้าร่างเชิงกายภาพ
CLO6 แสดงความสัมพันธ์แบบขึ้นต่อกัน (functional dependency) ของคีย์ และยกตัวอย่างได้
CLO7 ออกแบบความสัมพันธ์ของแผนภาพเอนทิตี้ (entity) ให้เข้ากับกฎที่เหมาะสมสำหรับสถานการณ์ที่กำหนด 
CLO8 อธิบายความสำคัญของข้อจำกัดของฐานข้อมูลได้
CLO9 ออกแบบแบบจำลองทางกายภาพเพื่อประสิทธิภาพที่ดีที่สุดรวมถึงผลกระทบของการทำให้เป็นมาตรฐานและการจัดการดัชนี (index) 
CL010 ใช้คำสั่ง algebra ได้ 
CLO11 ออกแบบความสัมพันธ์ของข้อมูล พร้อมให้ตัวอย่างของเอนทิตี และความสมบูรณ์ของการอ้างอิง (referential integrity)"
520222,2,โครงงานวิจัย,ปีที่ 2 ภาคการศึกษาที่ 2,การพัฒนาซอฟต์แวร์เชิงวัตถุและการประยุกต์,Object-Oriented Software Development and Application,3(2-2-5),517 122 ทักษะการเขียนโปรแกรมคอมพิวเตอร์ 2,,กรอบความคิดการเขียนโปรแกรมเชิงวัตถุเบื้องต้น  การกำหนดสาระสำคัญของข้อมูลเชิงวัตถุ  การแทนค่าและการส่งข่าวสาร การห่อหุ้ม  การทำพหุรูปและการสืบทอดคุณสมบัติ  การวิเคราะห์และการออกแบบเชิงวัตถุ  รูปแบบการออกแบบ  โปรแกรมควบคุมแบบจำลองทรรศนะ  โพรโทคอล การสะท้อน การยึดเหนี่ยวแบบพลวัต  การโปรแกรมเชิงคุณสมบัติ,"Introduction to object-oriented programming paradigm. Object-oriented data abstraction. Representation and message communication. Encapsulation. Polymorphism and inheritance. Object-oriented analysis and design. Design patterns. Model-view-controller. Protocols. Reflections. Dynamic bindings. Aspect-oriented programming.","CLO1 อธิบายแนวคิดและคุณสมบัติภาษาเชิงวัตถุได้
CLO2 ออกแบบและเขียนโปรแกรมเชิงวัตถุที่คำนึงถึงการนำโค้ดกลับมาใช้ซ้ำได้
CLO3 ตรวจสอบและแก้ไขปรับปรุงโปรแกรมเชิงวัตถุที่สร้างขึ้นได้
CLO4 พัฒนาโปรแกรมด้วยแนวคิดเชิงวัตถุในสถานการณ์จริงได้ 
CLO5 อธิบายประโยชน์และการใช้งาน Design pattern ในการพัฒนาระบบงานได้
CLO6 พัฒนาซอฟต์แวร์แบบโปรแกรมควบคุมแบบจำลองทรรศนะ (Model View Controller) ได้"
520223,2,โครงงานวิจัย,ปีที่ 2 ภาคการศึกษาที่ 2,ภาษาเอสคิวแอลเบื้องต้น,Introduction to Structure Query Language,1(0-2-1),,,การใช้ภาษาเอสคิวแอลในการสร้างฐานข้อมูล ตารางฐานแบบง่ายและแบบมีความเชื่อมโยงรวมถึงการมีเงื่อนไข  คำสั่งเอสคิวแอลขั้นพื้นฐานในการเขียนนิพจน์ การเพิ่ม ลบ  แก้ไข การเรียกดูข้อมูล การเรียงลำดับข้อมูล การคัดเลือกข้อมูลโดยการใช้การดำเนินการด้านการคำนวณทางคณิตศาสตร์ ด้านการเปรียบเทียบ และด้านตรรกศาสตร์ โดยการใช้ฟังก์ชันพื้นฐานและฟังก์ชันการรวมกลุ่มข้อมูล การดำเนินการของเซต การเรียกดูข้อมูลจากหลายตาราง คำสั่งในการควบคุมการทำงานเบื้องต้นเพื่อความปลอดภัยของฐานข้อมูล,"Writing SQL (Structure Query Language) command to create a database.  Creating a simple base table and reference with constraints. Basic SQL commands to write expressions.  Manipulate data: add, delete, modify, browse and sorting data. Selection of data by using mathematical operations, comparison, and logic using basic functions and aggregate functions. Set operations. Retrieving data from multiple tables. Writing commands to control the basic operations for database security.","CLO1 สร้าง แก้ไข ลบ ค้นคืน ข้อมูล ตาราง และฐานข้อมูล แบบมีโครงสร้างได้ (rdb) โดยใช้ภาษา SQL  
CLO2 ดำเนินการกรองและจัดเรียงข้อมูลโดยใช้ส่วนคำสั่งต่าง ดังนี้ where, order by, between, like, group by having 
CLO3 ใช้คำสั่ง joins กับคำสั่ง select ข้อมูลหลายตารางได้
CLO4 ทำการคำนวณในแบบสอบถามโดยใช้เขตข้อมูลจากการคำนวณและฟังก์ชันการรวม (aggregate functions) 
CLO5 ใช้คำสั่ง union, intersection, set difference, และ natural join relational โดยการใช้คำสั่งที่เป็นพื้นฐานที่มีมาให้ในระบบจัดการการฐานข้อมูล (operations using simple example relations)"
520231,2,โครงงานวิจัย,ปีที่ 2 ภาคการศึกษาที่ 2,การวิเคราะห์ข้อมูล,Data Analytics,3(2-2-5),517 111 การเขียนโปรแกรมคอมพิวเตอร์สำหรับนักวิทยาการข้อมูล หรือ 517 121 ทักษะการเขียนโปรแกรมคอมพิวเตอร์ 1,,วงจรการวิเคราะห์ข้อมูล การเตรียมข้อมูล การกรองข้อมูล การสำรวจข้อมูล แผนภาพและกราฟทางสถิติ การวิเคราะห์ข้อมูลขั้นพื้นฐานและการวิเคราะห์ข้อมูลขั้นสูง วิธีการเรียนรู้แบบมีผู้สอน การจำแนก วิธีการเรียนรู้แบบไม่มีผู้สอน การวิเคราะห์การจัดกลุ่ม การประเมินประสิทธิภาพของตัวแบบ แนวความคิดข้อมูลขนาดใหญ่และการประมวลผลข้อมูลขนาดใหญ่,"Data analytics lifecycle. Data preprocessing. Data filtering. Data exploration. Statistical plots and graphs. Basic and advanced data analytic methods. Supervised learning methods. Classification. Unsupervised learning methods. Cluster analysis. Performance evaluation of models. Big data concepts and big data processing.","CLO1 วิเคราะห์ปัญหา และสามารถเลือกวิธีการทางสถิติให้สอดคล้องกับข้อมูลที่ได้
CLO2 อธิบายหลักการและองค์ความรู้ด้านทฤษฎี ทางคณิตศาสตร์ และสถิติ ได้อย่างถูกต้อง
CLO3 ใช้ทักษะกระบวนการทางสถิติ ทักษะการคิดวิเคราะห์และสังเคราะห์ข้อมูล การคิดเชิงเหตุและผลภายใต้ข้อมูล
CLO4 จัดการข้อมูล เลือกวิธีวิเคราะห์ และแปลความหมายสารสนเทศได้หมาะสมต่อสถานการณ์
CLO5 อภิปรายผลการวิเคราะห์ข้อมูลในรูปข้อความที่เข้าใจได้ง่าย
CLO6 ใช้โปรแกรมคอมพิวเตอร์ทางสถิติ หรือใช้เทคโนโลยีสารสนเทศในการสืบค้นข้อมูลได้เหมาะสมกับสถานการณ์
CLO7 ใช้ทักษะในการใช้ภาษาเพื่อสื่อสารความรู้ทางสถิติ และเลือกใช้รูปแบบการสื่อสารได้อย่างเหมาะสม"
520232,2,โครงงานวิจัย,ปีที่ 2 ภาคการศึกษาที่ 2,การเล่าเรื่องและการสร้างภาพนิทัศน์จากข้อมูล,Storytelling and Data Visualization,3(2-2-5),,,ภาพรวมของการเล่าเรื่องด้วยภาพ เทคนิคในการเล่าเรื่อง เทคนิคการสร้างสรรค์แนวความคิด หลักการของการแสดงข้อมูลด้วยแผนภาพ การรับรู้สีและภาพกราฟิกของมนุษย์ การแสดงข้อมูลด้วยแผนภาพจากข้อมูลและสารสนเทศ การออกแบบเพื่อการนำเสนอข้อมูลที่เหมาะสม การใช้เทคนิคการสร้างภาพเพื่อทำความเข้าใจและวิเคราะห์ข้อมูลได้อย่างมีประสิทธิภาพ เครื่องมือที่ใช้แสดงข้อมูลด้วยแผนภาพ,"Overview of visual storytelling. Storytelling techniques. Ideation techniques. Principles of data visualization. Human perception to graphics and color. Data and information visualization. Appropriate designs for data presentation. Visualization techniques for enhancing comprehension and analysis of information. Data visualization tools.","CLO1 อธิบายแนวคิดและหลักการของเทคนิคในการเล่าเรื่องได้
CLO2 อธิบายหลักการและรูปแบบของการแสดงข้อมูลด้วยภาพได้
CLO3 จำแนกแผนภูมิรูปแบบต่าง ๆ ที่เหมาะสมกับข้อมูลได้
CLO4 ออกแบบแนวความคิดการเล่าเรื่องได้
CLO5 ออกแบบการแสดงข้อมูลด้วยแผนภาพได้
CLO6 สร้างรายงานในรูปแบบที่ง่ายต่อความเข้าใจและนำเสนอข้อมูลด้วยแผนภาพได้
CLO7 ประยุกต์ใช้งานเครื่องมือและเทคโนโลยีที่ใช้แสดงข้อมูลด้วยแผนภาพได้"
520241,2,โครงงานวิจัย,ปีที่ 2 ภาคการศึกษาที่ 2,หลักของเครือข่ายคอมพิวเตอร์,Principles of Computer Networks,3(2-2-5),517 122 ทักษะการเขียนโปรแกรมคอมพิวเตอร์ 2,,แนวคิดและหลักการพื้นฐานของเครือข่ายคอมพิวเตอร์ มาตรฐานระบบเปิด แบบจำลองอ้างอิงโอเอสไอ สื่อนำสัญญาณและอุปกรณ์ สถาปัตยกรรมเครือข่ายและโพรโทคอล โพรโทคอลทีซีพี/ไอพีและเครือข่ายอินเทอร์เน็ต พื้นฐานเกี่ยวกับการกำหนดที่อยู่ การแบ่งเครือข่ายย่อย การอ้างชื่อและการจัดเส้นทางในเครือข่ายโปรแกรม ประยุกต์ด้านเครือข่ายและบริการบนเครือข่ายอินเทอร์เน็ต ความมั่นคงปลอดภัยของเครือข่ายคอมพิวเตอร์เบื้องต้น แนวโน้มในการประยุกต์ทางด้านเทคโนโลยีเครือข่ายคอมพิวเตอร์,"Basic concepts and principles of computer network. Open system standards. OSI reference model. Transmission media and devices. Computer network architectures and protocols. TCP/IP protocol and the Internet. Basics of addressing, subnetting, naming, and routing. Network applications and Internet services. Basic of computer network security. Application trends in computer network technology.","CLO1 อธิบายเกี่ยวกับมาตรฐานและกระบวนการทำงานของระบบเครือข่ายคอมพิวเตอร์และอินเทอร์เน็ตได้
CLO2 อธิบายสถาปัตยกรรมเครือข่ายและโพรโทคอลของบริการขั้นพื้นฐานบนอินเทอร์เน็ตได้
CLO3 กำหนดที่อยู่ของอุปกรณ์ภายในเครือข่าย และสามารถแบ่งเครือข่ายย่อยได้"
520242,2,โครงงานวิจัย,ปีที่ 2 ภาคการศึกษาที่ 2,ความปลอดภัยของระบบสารสนเทศ,Information System Security,3(3-0-6),520 213 โครงสร้างข้อมูลพื้นฐานและการประยุกต์,,แนวคิดเกี่ยวกับความปลอดภัยของสารสนเทศ ภัยคุกคาม ช่องโหว่ และการโจมตี นโยบายความปลอดภัยของระบบสารสนเทศ การวิเคราะห์การคุกคาม เทคโนโลยีและกลไกสำหรับการรักษาความปลอดภัยของสารสนเทศ การจัดการความปลอดภัยของสารสนเทศ,"Concepts of Information security. Threat, vulnerabilities, and attack. Information security policies. Threat analysis. Technology and mechanisms for information security. Information security management.","CLO1 อธิบายแนวคิดเกี่ยวกับการรักษาความปลอดภัยของระบบสารสนเทศ 
CLO2 อธิบายการบริหารจัดการความปลอดภัยของสารสนเทศ
CLO3 วิเคราะห์การคุกคามในรูปแบบที่หลากหลาย
CLO4 ประยุกต์ใช้เทคโนโลยีในการรักษาความปลอดภัยของสารสนเทศ"
520321,2,โครงงานวิจัย,ปีที่ 3 ภาคการศึกษาที่ 1,การบริหารจัดการระบบฐานข้อมูล,Database System Administration,3(2-2-5),(1) 517 261 หลักการระบบฐานข้อมูลและการออกแบบ หรือ (2) 520 221 ระบบฐานข้อมูล 520 223 ภาษาเอสคิวแอลเบื้องต้น,,การบริหารจัดการข้อมูล ฐานข้อมูล และระบบ การออกแบบและการสร้างฐานข้อมูล  การปรับแต่งประสิทธิภาพฐานข้อมูล บูรณภาพของข้อมูลและความปลอดภัยของฐานข้อมูล การสำรองข้อมูลและการกู้คืน การจัดการข้อมูลและหน่วยเก็บข้อมูล การจัดการทรานแซกชั่นและการควบคุมภาวะพร้อมกัน,"Data, database, and system administration. Database design and creation. Database performance tuning. Data integrity and database security. Database backup and recovery. Data and storage management. Transaction management and concurrency control.","CLO1 อธิบายความหมายของแนวคิดการพิสูจน์ตัวตนการอนุญาต การควบคุม และการเข้าถึงได้
CLO2 ออกแบบการกระจายตัวของข้อมูลการจำลองแบบและการจัดสรรพื้นที่เก็บข้อมูลให้มีผลต่อประสิทธิภาพของฐานข้อมูลอย่างไร
CLO3 เปรียบเทียบการบริหารข้อมูลและการจัดการฐานข้อมูลได้
CLO4 อธิบายงานที่ทำโดยผู้ดูแลระบบฐานข้อมูลได้
CLO5 สร้าง และจัดการผู้ใช้ฐานข้อมูลกำหนดบทบาทและสิทธิพิเศษ
CLO6 วางแผนการสำรอง การกู้คืน และออกแบบการป้องกันฐานข้อมูลจากภัยพิบัติต่าง ๆ ได้
CLO7 ออกแบบ Meta data ในสภาพแวดล้อมฐานข้อมูลโดยคำนึงถึง Reference integrity
CLO8 อธิบายบทบาทของระบบเครือข่ายในแอปพลิเคชันฐานข้อมูลและบริการไฟล์ (service applications)"
520322,2,โครงงานวิจัย,ปีที่ 3 ภาคการศึกษาที่ 1,ระบบสารสนเทศเพื่อธุรกิจ,Business Information Systems,3(3-0-6),(1) 517 261 หลักการระบบฐานข้อมูลและการออกแบบ หรือ (2) 520 221 ระบบฐานข้อมูล 520 223 ภาษาเอสคิวแอลเบื้องต้น,,ระบบสารสนเทศในงานธุรกิจ แนวคิดการวางแผนทรัพยากรองค์กร การจัดการทรัพยากรองค์กร ทรัพยากรบุคคล การเงิน การบัญชี การผลิต และการตลาด พาณิชย์อิเล็กทรอนิกส์  การจัดการห่วงโซ่อุปทาน ระบบสารสนเทศเพื่อการดำเนินการและการจัดการ การสนับสนุนการตัดสินใจ เทคโนโลยีสารสนเทศระหว่างองค์กร,"Information systems for business. Enterprise resource planning (ERP) concepts. Enterprise resource management: human resource, financial, accounting, production, and marketing. E-commerce. Supply-chain management. Information system for operation and management. Decision support. Information technology between organizations.","CLO1 อธิบายแนวคิด หลักการ และองค์ประกอบพื้นฐานของระบบสารสนเทศในงานธุรกิจได้
CLO2 จำแนกและอธิบายถึงระบบสารสนเทศตามหน้าที่สนับสนุนการทำงานของธุรกิจได้
CLO3 อธิบายการจัดการทรัพยากรองค์กร เพื่อสนับสนุนการตัดสินใจเชิงธุรกิจได้
CLO4 อธิบายแนวคิดและหลักการทำธุรกิจพาณิชย์อิเล็กทรอนิกส์เบื้องต้นได้
CLO5  วิเคราะห์และวางแผนระบบงานที่ช่วยสนับสนุนการแก้ปัญหาในส่วนงานทางธุรกิจได้"
520331,2,โครงงานวิจัย,ปีที่ 3 ภาคการศึกษาที่ 1,ปัญญาประดิษฐ์สำหรับเทคโนโลยีสารสนเทศ,Artificial Intelligence for Information Technology,3(2-2-5),517 121 ทักษะการเขียนโปรแกรมคอมพิวเตอร์ 1,,แนวคิดปัญญาประดิษฐ์เบื้องต้น การแก้ปัญหาโดยใช้การค้นหาในปริภูมิสถานะ ประเภทของการเรียนรู้ของเครื่อง กระบวนการพัฒนาโมเดลด้วยการเรียนรู้ของเครื่อง วิศวกรรมคุณลักษณะสำหรับปัญญาประดิษฐ์และการเรียนรู้ของเครื่อง ขั้นตอนวิธีแบบแบบแพร่กลับและการเคลื่อนลงตามความชันอย่างสุ่ม การปรับอัตราการเรียนรู้ การนำโมเดลไปใช้ การทำเรกูลาร์ไรเซชัน การเรียนรู้เชิงลึก การเลือกใช้ฟังก์ชันการสูญเสีย การวิเคราะห์ประสิทธิภาพโมเดลด้วยเส้นโค้งการเรียนรู้ การถ่ายโอนความรู้ของโมเดล การประยุกต์ในด้านต่าง ๆ ระบบแนะนำ การประมวลผลภาษาธรรมชาติ การเล่นเกม,"Introduction to artificial intelligence. The state space search in AI. Types of machine learning. Machine learning model development process. Feature engineering for artificial intelligence and machine learning. Back-propagation algorithm and stochastic gradient descent. The effects of the learning rate on model performance. Model deployment. Regularization. Deep learning. Selection of the loss function. Diagnose machine learning model performance with learning curves. Transfer learning. Applications in fields: natural language processing. Recommendation system, and Game play.","CLO1 ติดตั้งเครื่องที่ใช้ในการเขียนโปรแกรมในงานทางด้าน AI ได้
CLO2 ประยุกต์แนวคิดพื้นฐานในการแก้ปัญหาของงานทางด้าน AI โดยใช้ State Space Search ได้
CLO3 พัฒนา Machine Learning Model (Machine Learning Pipeline) ได้
CLO4 ทำ Feature Engineering ได้
CLO5 ประยุกต์แนวคิดพื้นฐานของ Back-propagation Algorithm และ Stochastic Gradient Descent ได้
CLO6 Implement Back-propagation Algorithm และ Stochastic Gradient Descent ได้"
520341,2,โครงงานวิจัย,ปีที่ 3 ภาคการศึกษาที่ 1,การเขียนโปรแกรมแบบเว็บฝั่งไคลเอนต์,Client Side Web Programming,3(2-2-5),(1)  517 122 ทักษะการเขียนโปรแกรมคอมพิวเตอร์ 2 517 242 การพัฒนาโปรแกรมประยุกต์บนเว็บ หรือ  (2)  517 122 ทักษะการเขียนโปรแกรมคอมพิวเตอร์ 2 520 112 เว็บเทคโนโลยี,,การเขียนโปรแกรมเว็บฝั่งไคลเอนต์ด้วยจาวาสคริปต์พื้นฐาน การเขียนจาวาสคริปต์เพื่อทำงานกับฟอร์ม ดอม เหตุการณ์ คุกกี้ การใช้ข้อมูล JSON จาวาสคริปต์ภายนอก เอแจ๊ก และเจคิวรี การจัดการฟอร์มขั้นสูง ไคลเอนต์เอพีไอ การเขียนโปรแกรมฝั่งเว็บไคลเอนต์ด้วยจาวาสคริปต์เฟรมเวิร์กซิงโครนัส,"Client-side web programming with basic javascript. Writing Javascript to work with Form Dom. Events. Cookies. Using JSON data, external Javascript, Ajex, and Jquery. Advanced form management. API client. Web client-side programming with the synchronous JavaScript framework.","CLO1 ใช้ภาษาสคริปต์สำหรับการเขียนสคริปต์เว็บสคริปต์ฝั่งเซิร์ฟเวอร์และการเขียนสคริปต์ของระบบปฏิบัติการ
CLO2 เขียนโปรแกรมไลเอ็นต์ไซต์ชั้นพื้นฐานแสดงรายละเอียดงานได้จริง
CLO3 เขียนโปรแกรมไลเอ็นต์ไซต์ชั้นสูงได้ โดยการเขียนเป็นเชิงวัตถุได้ 
CLO4 เขียนโปรแกรมรองรับการเกิดเหตุการณ์แบบ interactive ได้
CLO5 เก็บข้อมูลประเภท Cookies, session การรับและส่งข้อมูลผ่าน https 
CLO6 เขียนโปรแกรมรับส่งข้อมูลกับ server site ได้ผ่าน get post ได้
CLO7 เขียนโค้ดที่เอกสารที่ใช้แลกเปลี่ยนข้อมูลมาตรฐาน(AJAX JASON)ได้ 
CLO8 สร้างโปรแกรมเรียกใช้ข้อมูลผ่าน API ได้
CLO9 สร้างโปรแกรมที่พัฒนามีการตรวจสอบ (testing) ให้สมบูรณ์
CLO10 โปรแกรมที่พัฒนาสามารถนำไปใช้ได้ 
CLO11 ใช้วิธีการตรวจสอบซอฟแวร์ประเภทเวปแอพพลิเคชันได้
CLO12 ใช้เฟรมเวิร์คต่าง ๆ ที่ทันสมัยในขณะนั้นในการพัฒนาแอพพลิเคชั่นฝั่งไคลเอ็นต์ได้"
520342,2,โครงงานวิจัย,ปีที่ 3 ภาคการศึกษาที่ 1,การเขียนโปรแกรมแบบเว็บฝั่งเซิร์ฟเวอร์,Server Side Web Programming,3(2-2-5),(1)  517 122 ทักษะการเขียนโปรแกรมคอมพิวเตอร์ 2	517 242 การพัฒนาโปรแกรมประยุกต์บนเว็บ	หรือ (2)  517 122 ทักษะการเขียนโปรแกรมคอมพิวเตอร์ 2	520 112 เว็บเทคโนโลยี,,การเขียนโปรแกรมแบบเว็บฝั่งเซิรฟ์เวอร์ เซิร์ฟเวอร์ไซด์เทคโนโลยี เอชทีทีพีโพรโทคอล การร้องขอและการตอบสนองเอชทีทีพี การส่ง/รับพารามิเตอร์ ส่วนหัวของเอชทีทีพี เอฟทีพีโพรโทคอล เว็บซ็อกเก็ต ภาษาสคริปต์สำหรับฝั่งเซิร์ฟเวอร์ การเชื่อมโยงกับไคลเอนต์ การจัดการคุกกี้เซสชัน การเชื่อมต่อกับฐานข้อมูล การรักษาความปลอดภัยบนเว็บการออกแบบด้วยโมเดลวิวคอนโทรลเลอร์ การเขียนโปรแกรมฝั่งเว็บเซิร์ฟเวอร์ด้วยเฟรมเวิร์ก เทคโนโลยีฝั่งเซิร์ฟเวอร์แบบอะซิงโครนัส การติดตั้ง ทดสอบ และใช้งาน,"Server-side web programming. Server-side technology. HTTP Protocol. HTTP Request and Response. Sending/receiving parameters. HTTP header. FTP protocol. Web socket. Scripting languages for the server-side. Associating with clients. Managing session cookies. Connecting to a database. Securing web designing with view controller models. Web server-side programming with asynchronous server-side. Technology framework. Deployment, testing, and usage.","CLO1 อธิบายเทคโนโลยีพื้นฐานของเวิลด์ไวด์เว็บ: สถาปัตยกรรมของเว็บ เอชทีทีพีโพรโทคอล การร้องขอและการตอบสนองเอชทีทีพี การส่ง/รับพารามิเตอร์ ส่วนหัวของเอชทีทีพี
CLO2 อธิบายสถาปัตยกรรมของโปรแกรมประยุกต์แบบเว็บ ตัวบริการโปรแกรมประยุกต์แบบเว็บ การใช้ภาษาสคริปต์สำหรับฝั่งเซิร์ฟเวอร์ขั้นพื้นฐาน รูปแบบ การออกแบบด้วยโมเดลวิวคอนโทรลเลอร์
CLO3 ออกแบบสถาปัตยกรรมของระบบเว็บหรืออุปกรณ์เคลื่อนที่รวมถึงประเด็นต่าง ๆ เช่น รูปแบบการออกแบบ (รวมถึง MVC) เลเยอร์การแลกเปลี่ยนระหว่างความซ้ำซ้อนและความสามารถในการปรับขนาดการจัดการสถานะและการเพิ่มประสิทธิภาพกลไกค้นหา
CLO4 จัดการสถานะการใช้งานของโปรแกรมประยุกต์แบบเว็บขั้นพื้นฐาน: คุกกี้และการจัดการเซสชัน; การแปลงระหว่างข้อมูลเชิงวัตถุและข้อมูลเชิงสัมพันธ์ขั้นพื้นฐาน
CLO5 สร้าง การทดสอบ และการนำโปรแกรมประยุกต์แบบเว็บไปติดตั้งเพื่อใช้งานเบื้องต้น; การทดสอบ การ รวบรวม และการติดตั้งซอฟต์แวร์ที่มีการพัฒนาแยกส่วนกันอย่างอัตโนมัติ
CLO6 ใช้และประยุกต์ เครื่องมือ เฟรมเวิร์ก และเทคโนโลยีสำหรับเว็บ การใช้ภาษาสคริปต์สำหรับฝั่ง เซิร์ฟเวอร์ขั้นสูง
CLO7 เขียนโปรแกรมสื่อสารผ่านซ็อกเก็ต ดีคอม คอร์บา และอาร์เอ็มไอ เอแจ็กซ์
CLO8 ทดสอบ รวบรวม และติดตั้งซอฟต์แวร์ที่มีการพัฒนาแยกส่วนกันอย่างอัตโนมัติ; เครื่องมือ เฟรมเวิร์กและเทคโนโลยีสำหรับเว็บ
CLO9 นำโปรแกรมที่พัฒนาได้จากกรณีศึกษาติดตั้ง และใช้งานได้"
520361,2,โครงงานวิจัย,ปีที่ 3 ภาคการศึกษาที่ 1,การวิเคราะห์และการออกแบบระบบงาน,System Analysis and Design,3(3-0-6),(1) 517 261 หลักการระบบฐานข้อมูลและการออกแบบ หรือ (2) 520 221 ระบบฐานข้อมูล 520 223 ภาษาเอสคิวแอลเบื้องต้น,,วงจรการพัฒนาระบบ เครื่องมือพื้นฐานในการวิเคราะห์ระบบงาน การพัฒนาระบบงานในรูปแบบอื่น การออกแบบระบบงานคอมพิวเตอร์เชิงกายภาพ ลักษณะพิเศษที่ใช้ในการออกแบบ การวางแผนและการควบคุมโครงงาน  กรณีศึกษา,"System development cycle. Basic tools in system analysis. Alternative system development. Physical design of computer systems. Special design features. Project planning and control.  Case studies.","CLO1 อธิบายคุณสมบัติของนักวิเคราะห์ระบบ
CLO2 อธิบายลักษณะของปัญหาในองค์กร (Problem domain) ได้ 
CLO3 อธิบายประเภทและลักษณะข้อมูลและสารสนเทศได้
CLO4 อธิบายวิธีการพัฒนาระบบซอฟต์แวร์แต่ละขั้นตอนได้
CLO5 อธิบายอุปกรณ์ฮาร์ดแวร์ ซอฟแวร์ และเน็ตเวิร์คที่ใช้ในระบบสารสนเทศได้
CLO6 อธิบายวิธีการพัฒนาระบบงานแบบดั้งเดิม และแบบแนวทางใหม่ได้
CLO7 ประยุกต์ความรู้ในการพัฒนาซอฟต์แวร์มาศึกษาความเป็นไปได้ วิเคราะห์ และออกแบบระบบงานตามธุรกิจที่สนใจได้"
------,2,โครงงานวิจัย,ปีที่ 3 ภาคการศึกษาที่ 1,วิชาเลือกในหมวดวิชาเฉพาะ,,3,,,,,
520311,2,โครงงานวิจัย,ปีที่ 3 ภาคการศึกษาที่ 2,กฎหมายและจรรยาบรรณสำหรับเทคโนโลยีสารสนเทศ,Laws and Ethics in Information Technology,3(3-0-6),,,กฎหมายว่าด้วยสิทธิในการแสดงความคิดเห็นอย่างเสรี การสื่อสาร การเผยแพร่สารสนเทศ และการคุ้มครองข้อมูลส่วนบุคคล กฎหมายเกี่ยวกับสารสนเทศและเทคโนโลยีสารสนเทศ ความรู้พื้นฐานเกี่ยวกับจรรยาบรรณในการใช้สารสนเทศและเทคโนโลยีสารสนเทศ,"Issues of laws related to the rights on freedom of opinion expression, communication, information distribution, and personal data protection. Laws related to information and information technology. Basic knowledge of ethics in information and information technology usage.","CLO1 อธิบายถึงกฎหมายสำคัญที่เกี่ยวข้องกับคอมพิวเตอร์และเทคโนโลยีสารสนเทศได้
CLO2 อธิบายความรู้เบื้องต้นเกี่ยวกับกฎหมายได้
CLO3 อธิบายประเด็นสำคัญของกฎหมายว่าด้วยการกระทำความผิดเกี่ยวกับคอมพิวเตอร์ได้
CLO4 อธิบายถึงประเด็นสำคัญของกฎหมายว่าด้วยสิทธิในการแสดงความคิดเห็นอย่างเสรีได้
CLO5 อธิบายประเด็นสำคัญของกฎหมายเกี่ยวกับลายมือชื่ออิเล็กทรอนิกส์ และการออกใบรับรองอิเล็กทรอนิกส์ได้
CLO6 อธิบายหลักการและสาระสำคัญของกฎหมายคุ้มครองข้อมูลส่วนบุคคลได้
CLO7 อธิบายประเด็นสำคัญเกี่ยวกับจรรยาบรรณในการใช้สารเทศ และเทคโนโลยีสารสนเทศได้"
520343,2,โครงงานวิจัย,ปีที่ 3 ภาคการศึกษาที่ 2,เว็บเซอร์วิสและไมโครเซอร์วิส,Web Service and Microservice,2(1-2-3),,,หลักการพื้นฐานของเว็บเซอร์วิส และไมโครเซอร์วิส ยูอาร์แอล ยูอาร์ไอ ลักษณะของข้อมูลบนเว็บ สถาปัตยกรรมของเว็บเซอร์วิส การอธิบายบริการเว็บ บริการเว็บแบบโซ้ป บริการแบบเว็บเรส บริการเว็บแบบเรสฟูลเอพีไอ การจำลองเว็บเซอร์วิสและไมโครเซอร์วิส การรวมกันและการนำไปใช้งาน ความมั่นคงปลอดภัยของเว็บเซอร์วิส ช่องทางสื่อสาร การพิสูจน์ตัวตน สิทธิในการใช้งาน ช่องโหว่,"Basic principles of web services and microservices. URL. URI. Format of data on the web. Web service architecture. Web service description language (WSDL). SOAP web service. REST web service. RESTful API web service. Web service and microservices simulation. Integration and deployment. Web service security. Communication channels. Authentication. Authority. Vulnerabilities.","CLO1 ประยุกต์ใช้หลักการ และกระบวนการทำงานของ Web Service ได้
CLO2 ประยุกต์ใช้ข้อมูลบนเว็บ และใช้ข้อมูลเหล่านั้นได้
CLO3 เขียนโปรแกรม WSDL, SOAP, RESTful Web API เพื่อจำลอง Webservice ได้
CLO4 สร้าง Web Service ที่มีการรักษาความปลอดภัยได้ และพิสูจน์ตัวตนได้
CLO6 จำลองการสร้าง และเรียกใช้ Micro Service แบบเบื้องต้นได้
CLO7 ทดสอบการเรียกใช้ Micro Service ได้"
520362,2,โครงงานวิจัย,ปีที่ 3 ภาคการศึกษาที่ 2,วิศวกรรมซอฟต์แวร์,Software Engineering,3(3-0-6),520 361 การวิเคราะห์และการออกแบบระบบงาน,,วิศวกรรมความต้องการ เทคนิคการออกแบบระบบ การออกแบบซอฟต์แวร์แบบธรรมดาและแบบเอไจล์ รูปแบบการออกแบบ ความเชื่อถือได้ของซอฟต์แวร์ การทวนสอบและการตรวจสอบความสมเหตุสมผล ความมั่นคงและภาวะความเป็นส่วนตัว การจัดทำเอกสารและการบำรุงรักษา การกำกับดูแลและการบริหารจัดการระบบ โครงงานกลุ่มย่อยในหัวข้อที่เกี่ยวข้อง,"Requirement engineering. Techniques of system design. Conventional and Agile designs. Design patterns. Software reliability. Verification and validation. Security and privacy. Documentation and maintenance. System governance and management. Small group projects related to the topics.","CLO1 อธิบายออกแบบการจัดเก็บข้อมูล (Data store) แบบรวมศูนย์และแบบกระจาย 
CLO2 อธิบายหลักการทำงานด้วยแผนภาพยูเอ็มแอล (UML Diagram)
CLO3 อธิบายวิธีการพัฒนาระบบแบบธรรมดาและแบบอไจล์
CLO4 อธิบายวิศวกรรมความต้องการ
CLO9 อธิบายองค์ประกอบและสถาปัตยกรรมของระบบ
CLO10 ออกแบบสถาปัตยกรรมของระบบ
CLO11 เลือกใช้ส่วนประกอบของระบบคอมพิวเตอร์และเครือข่ายที่เหมาะสมกับงาน
CLO12 ประเมินความมั่นคงของระบบ
CLO13 อธิบายวิธีการติดตั้งระบบแบบธรรมดาและแบบเอไจล์
CLO14 อธิบายการบำรุงรักษาระบบ แบบธรรมดาและแบบเอไจล์
CLO15 อธิบายการเลือกใช้ส่วนประกอบของระบบคอมพิวเตอร์และเครือข่ายที่เหมาะสมกับงาน
CLO16 อธิบายการประเมินความมั่นคงของระบบ
CLO17 วิเคราะห์และออกแบบระบบตามกรณีศึกษา 
CLO18 วิเคราะห์และออกแบบระบบและสอบถามความรู้
CLO19 แบ่งงานเป็นงานย่อย และมอบหมายงานให้สมาชิกในทีมรับผิดชอบเต็มกำลังความสามารถ
CLO20 อธิบายจริยธรรมของวิศวกรซอฟต์แวร์
CLO21 อธิบายกฎหมายที่เกี่ยวกับวิศวกรรมซอฟต์แวร์"
520363,2,โครงงานวิจัย,ปีที่ 3 ภาคการศึกษาที่ 2,สถาปัตยกรรมซอฟต์แวร์วิสาหกิจ,Enterprise Software Architecture,3(3-0-6),520 361 การวิเคราะห์และการออกแบบระบบงาน,,แนวคิดเกี่ยวกับซอฟต์แวร์วิสาหกิจ สถาปัตยกรรมซอฟต์แวร์วิสาหกิจ จุดแข็งและจุดอ่อนของสถาปัตยกรรมแต่ละแบบ รูปแบบของสถาปัตยกรรมและรูปแบบของการออกแบบ สารสนเทศสำหรับผู้บริหาร กรณีศึกษาของซอฟต์แวร์วิสาหกิจ กรณีศึกษาการใช้เทคนิคในการพัฒนาสถาปัตยกรรมซอฟต์แวร์วิสาหกิจ,"Concepts of enterprise software. Enterprise software architectures. Strength and weakness of various architecture styles. Architecture patterns and design patterns. Executive information systems. Case studies of enterprise software. Case studies on enterprise software development techniques.","CLO1 อธิบายรูปแบบสถาปัตยกรรมซอฟต์แวร์วิสาหกิจ
CLO2 ประยุกต์ใช้มาตรฐานการกำกับดูแลและการรักษาความมั่นคงปลอดภัยของระบบสารสนเทศ
CLO3 อธิบายแอปพลิเคชันที่เหมาะสมกับธุรกิจประเภทต่าง ๆ
CLO4 ประยุกต์ใช้กระบวนการพัฒนาระบบสารสนเทศที่เหมาะสมกับธุรกิจ
CLO5 อธิบายสารสนเทศเพื่อการบริหารจัดการ (MIS) และ สารสนเทศสำหรับผู้บริหาร (EIS)
CLO6 อธิบายสถาปัตยกรรมองค์กร (Enterprise Architecture)
CLO7 วิเคราะห์ประสบการณ์การพัฒนาซอฟต์แวร์วิสาหกิจตามกรณีศึกษา
CLO8 วิเคราะห์และวางแผนการแบ่งงานเป็นงานย่อย และมอบหมายงานให้สมาชิกในทีมรับผิดชอบเต็มกำลังความสามารถ
CLO9 อธิบายจริยธรรมของการพัฒนาซอฟต์แวร์วิสาหกิจ
CLO10 อธิบายกฎหมายที่เกี่ยวกับซอฟต์แวร์วิสาหกิจ"
520364,2,โครงงานวิจัย,ปีที่ 3 ภาคการศึกษาที่ 2,การจัดการโครงการซอฟต์แวร์ร่วมสมัย,Contemporary Software Project Management,3(3-0-6),520 361 การวิเคราะห์และการออกแบบระบบงาน,,ภาพรวมของโครงการ วัฏจักรของโครงการประเภทซอฟต์แวร์ การวิเคราะห์ความต้องการของผู้ใช้ การประเมินขอบเขตของโครงการ การวางแผนโครงการ หลักการของเอไจล์ เอไจล์กับการจัดการโครงงานแบบดั้งเดิม การวางแผนแบบสปรินท์ ระเบียบวิธีการแบบสกรัม สกรัมทีมและบทบาท การประเมินความเสี่ยงและการบริหารจัดการความเสี่ยงของโครงการ การบริหารจัดการเวลา การบริหารจัดการทีมในโครงการ การตรวจและควบคุมโครงการ ความคืบหน้าของโครงการ การปิดโครงการ กรณีศึกษา,"Project overview.  Software project lifecycle. Software requirement analysis. Project scope estimation. Project planning.  Agile principles.  Agile in traditional project management. Sprint planning, SCRUM methodology, SCRUM team and roles. Project risk assessment and project risk management. Time management. Project team management. Project monitoring and control. Project progress.  Project closure. Case studies.","CLO1 อธิบายลักษณะของโครงการ และวัฏจักรของโครงการประเภทซอฟต์แวร์ได้
CLO2 วิเคราะห์แยกแยะความต้องการของผู้ใช้ได้
CLO3 ประเมินขอบเขตของโครงการจากความต้องการของผู้ใช้ และสภาพแวดล้อมของโครงการได้
CLO4 วางแผนโครงการตามลำดับงานในโครงการได้
CLO5 วิเคราะห์ความแตกต่างของเอไจล์กับการจัดการโครงงานแบบดั้งเดิมได้
CLO6 จัดเตรียม Product Backlogs และวางแผนแบบสปรินท์ได้
CLO7 ใช้เครื่องมือตามวิธีการทำงานแบบสกรัมได้
CLO8 ประเมินความเสี่ยง และเขียนแผนการจัดการความเสี่ยงของโครงการได้
CLO9 บริหารจัดการเวลา และแสดงตัวอย่างการบริหารจัดการเวลาได้
CLO10 บริหารจัดการทีม และแสดงตัวอย่างการบริหารจัดการทีมได้
CLO11 ตรวจติดตามความคืบหน้าโครงการ และแสดงตัวอย่างการตรวจติดตามโครงการได้
CLO12 ปิดโครงการ และแสดงตัวอย่างการปิดโครงการได้"
520393,2,โครงงานวิจัย,ปีที่ 3 ภาคการศึกษาที่ 2,การเตรียมโครงงานวิจัย,Research Project Preparation,1(0-2-1),,โดยความยินยอมของภาควิชาคอมพิวเตอร์ วัดผลการศึกษาเป็น S หรือ U,การออกแบบและการจัดการโครงงานวิจัย การเขียนรายงานวิชาการ การตรวจและอ้างอิงเอกสารวิชาการ การนำเสนอรายงานวิชาการ  การเตรียมข้อเสนอโครงงาน การนำเสนอหัวข้อโครงงาน การสาธิตต้นแบบ,"Design and management of research projects. Technical report writing. Literature reviews and references. Technical report presentation. Preparation for a project proposal. Presentation of the project proposal. Prototype demonstration.","CLO1 ออกแบบ และจัดการโครงงานวิจัยได้
CLO2 เขียนรายงานวิชาการได้
CLO3 ตรวจและอ้างอิงเอกสารวิชาการได้
CLO4 นำเสนอรายงานวิชาการได้
CLO5 เตรียม และนำเสนอหัวข้อโครงงานได้
CLO6 สาธิตการทำงานต้นแบบโครงงานได้"
------,2,โครงงานวิจัย,ปีที่ 3 ภาคการศึกษาที่ 2,วิชาเลือกในหมวดวิชาเฉพาะ,,3,,,,,
SUXXX,2,โครงงานวิจัย,ปีที่ 3 ภาคการศึกษาที่ 2,วิชาเลือกในหมวดวิชาศึกษาทั่วไป,,3,,,,,
520493,2,โครงงานวิจัย,ปีที่ 4 ภาคการศึกษาที่ 1,โครงงานวิจัย 1,Research Project I,1(0-2-1),520 393 การเตรียมโครงงานวิจัย,วัดผลการศึกษาเป็น S หรือ U,เทคนิคการหาหัวข้องานวิจัยทางเทคโนโลยีสารสนเทศที่ได้รับการอนุมัติจากภาควิชา การจัดเตรียมโครงร่างงานวิจัย และนำเสนอ,Techniques for finding research in the information technology topics approved by the department. Research proposal preparation and presentation.,"CLO1 นำเสนอปัญหาและแนวทางแก้ไขปัญหาแก้ปัญหาโจทย์วิจัยได้
CLO2 พัฒนาระบบการแก้ปัญหางานวิจัยได้"
------,2,โครงงานวิจัย,ปีที่ 4 ภาคการศึกษาที่ 1,วิชาเลือกในหมวดวิชาเฉพาะ,,3,,,,,
520494,2,โครงงานวิจัย,ปีที่ 4 ภาคการศึกษาที่ 2,โครงงานวิจัย 2,Research Project II,2(0-4-2),520 493 โครงงานวิจัย 1,วัดผลการศึกษาเป็น S หรือ U,การวิจัยในหัวข้อที่ได้เสนอในวิชา 520 493 โครงงานวิจัย 1 เขียนรายงาน และนำเสนอผลงานวิจัย,Research on topics proposed in 520 493 Research Project I. Report writing and research presentation.,"CLO1 นำเสนอความก้าวหน้าโปรแกรมที่พัฒนาเพื่อแก้ปัญหางานวิจัยได้
CLO2  นำเสนอผลงานที่เสร็จสมบูรณ์"
------,2,โครงงานวิจัย,ปีที่ 4 ภาคการศึกษาที่ 2,วิชาเลือกในหมวดวิชาเฉพาะ,,3,,,,,
520311,2,สหกิจศึกษา,ปีที่ 3 ภาคการศึกษาที่ 2,กฎหมายและจรรยาบรรณสำหรับเทคโนโลยีสารสนเทศ,Laws and Ethics in Information Technology,3(3-0-6),,,กฎหมายว่าด้วยสิทธิในการแสดงความคิดเห็นอย่างเสรี การสื่อสาร การเผยแพร่สารสนเทศ และการคุ้มครองข้อมูลส่วนบุคคล กฎหมายเกี่ยวกับสารสนเทศและเทคโนโลยีสารสนเทศ ความรู้พื้นฐานเกี่ยวกับจรรยาบรรณในการใช้สารสนเทศและเทคโนโลยีสารสนเทศ,"Issues of laws related to the rights on freedom of opinion expression, communication, information distribution, and personal data protection. Laws related to information and information technology. Basic knowledge of ethics in information and information technology usage.","CLO1 อธิบายถึงกฎหมายสำคัญที่เกี่ยวข้องกับคอมพิวเตอร์และเทคโนโลยีสารสนเทศได้
CLO2 อธิบายความรู้เบื้องต้นเกี่ยวกับกฎหมายได้
CLO3 อธิบายประเด็นสำคัญของกฎหมายว่าด้วยการกระทำความผิดเกี่ยวกับคอมพิวเตอร์ได้
CLO4 อธิบายถึงประเด็นสำคัญของกฎหมายว่าด้วยสิทธิในการแสดงความคิดเห็นอย่างเสรีได้
CLO5 อธิบายประเด็นสำคัญของกฎหมายเกี่ยวกับลายมือชื่ออิเล็กทรอนิกส์ และการออกใบรับรองอิเล็กทรอนิกส์ได้
CLO6 อธิบายหลักการและสาระสำคัญของกฎหมายคุ้มครองข้อมูลส่วนบุคคลได้
CLO7 อธิบายประเด็นสำคัญเกี่ยวกับจรรยาบรรณในการใช้สารเทศ และเทคโนโลยีสารสนเทศได้"
520343,2,สหกิจศึกษา,ปีที่ 3 ภาคการศึกษาที่ 2,เว็บเซอร์วิสและไมโครเซอร์วิส,Web Service and Microservice,2(1-2-3),,,หลักการพื้นฐานของเว็บเซอร์วิส และไมโครเซอร์วิส ยูอาร์แอล ยูอาร์ไอ ลักษณะของข้อมูลบนเว็บ สถาปัตยกรรมของเว็บเซอร์วิส การอธิบายบริการเว็บ บริการเว็บแบบโซ้ป บริการแบบเว็บเรส บริการเว็บแบบเรสฟูลเอพีไอ การจำลองเว็บเซอร์วิสและไมโครเซอร์วิส การรวมกันและการนำไปใช้งาน ความมั่นคงปลอดภัยของเว็บเซอร์วิส ช่องทางสื่อสาร การพิสูจน์ตัวตน สิทธิในการใช้งาน ช่องโหว่,"Basic principles of web services and microservices. URL. URI. Format of data on the web. Web service architecture. Web service description language (WSDL). SOAP web service. REST web service. RESTful API web service. Web service and microservices simulation. Integration and deployment. Web service security. Communication channels. Authentication. Authority. Vulnerabilities.","CLO1 ประยุกต์ใช้หลักการ และกระบวนการทำงานของ Web Service ได้
CLO2 ประยุกต์ใช้ข้อมูลบนเว็บ และใช้ข้อมูลเหล่านั้นได้
CLO3 เขียนโปรแกรม WSDL, SOAP, RESTful Web API เพื่อจำลอง Webservice ได้
CLO4 สร้าง Web Service ที่มีการรักษาความปลอดภัยได้ และพิสูจน์ตัวตนได้
CLO6 จำลองการสร้าง และเรียกใช้ Micro Service แบบเบื้องต้นได้
CLO7 ทดสอบการเรียกใช้ Micro Service ได้"
520362,2,สหกิจศึกษา,ปีที่ 3 ภาคการศึกษาที่ 2,วิศวกรรมซอฟต์แวร์,Software Engineering,3(3-0-6),520 361 การวิเคราะห์และการออกแบบระบบงาน,,วิศวกรรมความต้องการ เทคนิคการออกแบบระบบ การออกแบบซอฟต์แวร์แบบธรรมดาและแบบเอไจล์ รูปแบบการออกแบบ ความเชื่อถือได้ของซอฟต์แวร์ การทวนสอบและการตรวจสอบความสมเหตุสมผล ความมั่นคงและภาวะความเป็นส่วนตัว การจัดทำเอกสารและการบำรุงรักษา การกำกับดูแลและการบริหารจัดการระบบ โครงงานกลุ่มย่อยในหัวข้อที่เกี่ยวข้อง,"Requirement engineering. Techniques of system design. Conventional and Agile designs. Design patterns. Software reliability. Verification and validation. Security and privacy. Documentation and maintenance. System governance and management. Small group projects related to the topics.","CLO1 อธิบายออกแบบการจัดเก็บข้อมูล (Data store) แบบรวมศูนย์และแบบกระจาย
CLO2 อธิบายหลักการทำงานด้วยแผนภาพยูเอ็มแอล (UML Diagram)
CLO3 อธิบายวิธีการพัฒนาระบบแบบธรรมดาและแบบอไจล์
CLO4 อธิบายวิศวกรรมความต้องการ
CLO9 อธิบายองค์ประกอบและสถาปัตยกรรมของระบบ
CLO10 ออกแบบสถาปัตยกรรมของระบบ
CLO11 เลือกใช้ส่วนประกอบของระบบคอมพิวเตอร์และเครือข่ายที่เหมาะสมกับงาน
CLO12 ประเมินความมั่นคงของระบบ
CLO13 อธิบายวิธีการติดตั้งระบบแบบธรรมดาและแบบเอไจล์
CLO14 อธิบายการบำรุงรักษาระบบ แบบธรรมดาและแบบเอไจล์
CLO15 อธิบายการเลือกใช้ส่วนประกอบของระบบคอมพิวเตอร์และเครือข่ายที่เหมาะสมกับงาน
CLO16 อธิบายการประเมินความมั่นคงของระบบ
CLO17 วิเคราะห์และออกแบบระบบตามกรณีศึกษา 
CLO18 วิเคราะห์และออกแบบระบบและสอบถามความรู้
CLO19 แบ่งงานเป็นงานย่อย และมอบหมายงานให้สมาชิกในทีมรับผิดชอบเต็มกำลังความสามารถ
CLO20 อธิบายจริยธรรมของวิศวกรซอฟต์แวร์
CLO21 อธิบายกฎหมายที่เกี่ยวกับวิศวกรรมซอฟต์แวร์"
520363,2,สหกิจศึกษา,ปีที่ 3 ภาคการศึกษาที่ 2,สถาปัตยกรรมซอฟต์แวร์วิสาหกิจ,Enterprise Software Architecture,3(3-0-6),520 361 การวิเคราะห์และการออกแบบระบบงาน,,แนวคิดเกี่ยวกับซอฟต์แวร์วิสาหกิจ สถาปัตยกรรมซอฟต์แวร์วิสาหกิจ จุดแข็งและจุดอ่อนของสถาปัตยกรรมแต่ละแบบ รูปแบบของสถาปัตยกรรมและรูปแบบของการออกแบบ สารสนเทศสำหรับผู้บริหาร กรณีศึกษาของซอฟต์แวร์วิสาหกิจ กรณีศึกษาการใช้เทคนิคในการพัฒนาสถาปัตยกรรมซอฟต์แวร์วิสาหกิจ,"Concepts of enterprise software. Enterprise software architectures. Strength and weakness of various architecture styles. Architecture patterns and design patterns. Executive information systems. Case studies of enterprise software. Case studies on enterprise software development techniques.","CLO1 อธิบายรูปแบบสถาปัตยกรรมซอฟต์แวร์วิสาหกิจ
CLO2 ประยุกต์ใช้มาตรฐานการกำกับดูแลและการรักษาความมั่นคงปลอดภัยของระบบสารสนเทศ
CLO3 อธิบายแอปพลิเคชันที่เหมาะสมกับธุรกิจประเภทต่าง ๆ
CLO4 ประยุกต์ใช้กระบวนการพัฒนาระบบสารสนเทศที่เหมาะสมกับธุรกิจ
CLO5 อธิบายสารสนเทศเพื่อการบริหารจัดการ (MIS) และ สารสนเทศสำหรับผู้บริหาร (EIS)
CLO6 อธิบายสถาปัตยกรรมองค์กร (Enterprise Architecture)
CLO7 วิเคราะห์ประสบการณ์การพัฒนาซอฟต์แวร์วิสาหกิจตามกรณีศึกษา
CLO8 วิเคราะห์และวางแผนการแบ่งงานเป็นงานย่อย และมอบหมายงานให้สมาชิกในทีมรับผิดชอบเต็มกำลังความสามารถ
CLO9 อธิบายจริยธรรมของการพัฒนาซอฟต์แวร์วิสาหกิจ
CLO10 อธิบายกฎหมายที่เกี่ยวกับซอฟต์แวร์วิสาหกิจ"
520364,2,สหกิจศึกษา,ปีที่ 3 ภาคการศึกษาที่ 2,การจัดการโครงการซอฟต์แวร์ร่วมสมัย,Contemporary Software Project Management,3(3-0-6),520 361 การวิเคราะห์และการออกแบบระบบงาน,,ภาพรวมของโครงการ วัฏจักรของโครงการประเภทซอฟต์แวร์ การวิเคราะห์ความต้องการของผู้ใช้ การประเมินขอบเขตของโครงการ การวางแผนโครงการ หลักการของเอไจล์ เอไจล์กับการจัดการโครงงานแบบดั้งเดิม การวางแผนแบบสปรินท์ ระเบียบวิธีการแบบสกรัม สกรัมทีมและบทบาท การประเมินความเสี่ยงและการบริหารจัดการความเสี่ยงของโครงการ การบริหารจัดการเวลา การบริหารจัดการทีมในโครงการ การตรวจและควบคุมโครงการ ความคืบหน้าของโครงการ การปิดโครงการ กรณีศึกษา,"Project overview.  Software project lifecycle. Software requirement analysis. Project scope estimation. Project planning.  Agile principles.  Agile in traditional project management. Sprint planning, SCRUM methodology, SCRUM team and roles. Project risk assessment and project risk management. Time management. Project team management. Project monitoring and control. Project progress.  Project closure. Case studies.","CLO1 อธิบายลักษณะของโครงการ และวัฏจักรของโครงการประเภทซอฟต์แวร์ได้
CLO2 วิเคราะห์แยกแยะความต้องการของผู้ใช้ได้
CLO3 ประเมินขอบเขตของโครงการจากความต้องการของผู้ใช้ และสภาพแวดล้อมของโครงการได้
CLO4 วางแผนโครงการตามลำดับงานในโครงการได้
CLO5 วิเคราะห์ความแตกต่างของเอไจล์กับการจัดการโครงงานแบบดั้งเดิมได้
CLO6 จัดเตรียม Product Backlogs และวางแผนแบบสปรินท์ได้
CLO7 ใช้เครื่องมือตามวิธีการทำงานแบบสกรัมได้
CLO8 ประเมินความเสี่ยง และเขียนแผนการจัดการความเสี่ยงของโครงการได้
CLO9 บริหารจัดการเวลา และแสดงตัวอย่างการบริหารจัดการเวลาได้
CLO10 บริหารจัดการทีม และแสดงตัวอย่างการบริหารจัดการทีมได้
CLO11 ตรวจติดตามความคืบหน้าโครงการ และแสดงตัวอย่างการตรวจติดตามโครงการได้
CLO12 ปิดโครงการ และแสดงตัวอย่างการปิดโครงการได้"
520393,2,สหกิจศึกษา,ปีที่ 3 ภาคการศึกษาที่ 2,การเตรียมโครงงานวิจัย,Research Project Preparation,1(0-2-1),,โดยความยินยอมของภาควิชาคอมพิวเตอร์ วัดผลการศึกษาเป็น S หรือ U,การออกแบบและการจัดการโครงงานวิจัย การเขียนรายงานวิชาการ การตรวจและอ้างอิงเอกสารวิชาการ การนำเสนอรายงานวิชาการ  การเตรียมข้อเสนอโครงงาน การนำเสนอหัวข้อโครงงาน การสาธิตต้นแบบ,"Design and management of research projects. Technical report writing. Literature reviews and references. Technical report presentation. Preparation for a project proposal. Presentation of the project proposal. Prototype demonstration.","CLO1 ออกแบบ และจัดการโครงงานวิจัยได้
CLO2 เขียนรายงานวิชาการได้
CLO3 ตรวจและอ้างอิงเอกสารวิชาการได้
CLO4 นำเสนอรายงานวิชาการได้
CLO5 เตรียม และนำเสนอหัวข้อโครงงานได้
CLO6 สาธิตการทำงานต้นแบบโครงงานได้"
520394,2,สหกิจศึกษา,ปีที่ 3 ภาคการศึกษาที่ 2,การเตรียมความพร้อมสหกิจศึกษา,Preparation for Cooperative Education,1(0-2-1),,โดยความยินยอมของภาควิชาคอมพิวเตอร์ วัดผลการศึกษาเป็น S หรือ U,หลักการ แนวคิด และกระบวนการของสหกิจศึกษา ระเบียบข้อบังคับที่เกี่ยวข้อง ความรู้พื้นฐานและเทคนิคในการสมัครงาน การเตรียมเรซูเม่และจดหมายสมัครงาน การสัมภาษณ์งาน การสื่อสารและมนุษยสัมพันธ์ ตำแหน่งงานและลักษณะของงาน ลักษณะของการทำงานเป็นทีม ลักษณะของทีมพัฒนาซอฟต์แวร์สมัยใหม่ การพัฒนาบุคลิกภาพ การสมัครงานและการตอบรับจากสถานประกอบการ,"Principles, concepts, and processes of cooperative education. Related rules and regulations. Basic knowledge and techniques in job application. Resume and cover letter preparation. Job interview. Communication and human relations. Job position and job description. Teamwork. Characteristics of modern software development teams. Personality development. Job applications and acceptance from the corporation.","CLO1 จัดเตรียม Resume โดยนำเสนอข้อมูลที่ถูกต้อง
CLO2 เขียนจดหมายสมัครงานเพื่อส่งไปยังสถานประกอบการได้
CLO3 ยื่นใบสมัครงานและ Resume เพื่อเข้ารับการคัดเลือกจากสถานประกอบการ
CLO4 แสดงออกถึงคุณลักษณะของตนเอง การสื่อสารที่ดี การวางตัวที่ดีได้"
SUXXX,2,สหกิจศึกษา,ปีที่ 3 ภาคการศึกษาที่ 2,วิชาเลือกในหมวดวิชาศึกษาทั่วไป,,3,,,,,
------,2,สหกิจศึกษา,ปีที่ 3 ภาคการศึกษาที่ 2,วิชาเลือกในหมวดวิชาเฉพาะ,,3,,,,,
520496,2,สหกิจศึกษา,ปีที่ 4 ภาคการศึกษาที่ 1,สหกิจศึกษา,Cooperative Education,6 (ไม่น้อยกว่า 640 ชั่วโมง),520 393 การเตรียมโครงงานวิจัย 520 394 การเตรียมความพร้อมสหกิจศึกษา,โดยความยินยอมของภาควิชาคอมพิวเตอร์ วัดผลการศึกษาเป็น S หรือ U,การปฏิบัติงานอย่างต่อเนื่องเป็นเวลาไม่น้อยกว่า 16 สัปดาห์ในสถานประกอบการในลักษณะพนักงานชั่วคราวเพื่อให้ได้ประสบการณ์จากการไปปฏิบัติงานที่ได้รับมอบหมายที่เกี่ยวกับสาขาเทคโนโลยีสารสนเทศ การจัดทำรายงานสหกิจ และการนำเสนอ,"On-the-job training continuously for at least 16 weeks as a temporary employee in the workplace in order to obtain experience from job assignment related to information technology. Cooperative education report and presentation.","CLO1 พัฒนาโปรแกรม ตามที่ได้รับมอบหมายจากหัวหน้างาน
CLO2 ออกแบบ ติดตั้ง ใช้งานฐานข้อมูลในการสร้างระบบงานที่ได้รับมอบหมาย
CLO4 พัฒนาระบบงานที่เหมาะสมกับธุรกิจตามที่ได้รับมอบหมาย
CLO5 จัดเตรียมสภาพแวดล้อมที่เหมาะสมกับระบบสารสนเทศตามที่ได้รับมอบหมาย
CLO6 ติดตั้ง ทดสอบระบบตามที่ได้รับมอบหมาย
CLO7 รวบรวม และวิเคราะห์ข้อมูล นำเสนอข้อมูลที่ได้รับมอบหมาย
CLO8 อธิบายองค์ประกอบทางเทคโนโลยีสารสนเทศของงานที่ได้รับมอบหมายได้
CLO9 สืบค้น ทดลอง และประยุกต์ใช้ความรู้ใหม่ เทคโนโลยีใหม่ที่เกี่ยวข้องกับงานที่ได้รับมอบหมายได้
CLO10 วิเคราะห์ วางแผน และพัฒนาระบบงานที่ได้รับมอบหมายได้
CLO11 ปฏิบัติตนเหมาะสมตามจริยธรรม และมีความรับผิดชอบต่อตนเอง"
520497,2,สหกิจศึกษา,ปีที่ 4 ภาคการศึกษาที่ 2,สัมมนาโครงงานสหกิจศึกษา,Cooperative Education Project Seminar,2(0-4-2),,โดยความยินยอมของภาควิชาคอมพิวเตอร์ วัดผลการศึกษาเป็น S หรือ U,การเขียนรายงานการปฏิบัติงานสหกิจศึกษา นำเสนอแนวทางการประยุกต์ความรู้จากการปฏิบัติงานสหกิจศึกษา การเข้าร่วมสัมมนาและนำเสนอผลงานจากโครงงานสหกิจศึกษา,"Cooperative education performance report. Cooperative education knowledge application and presentation. Attending seminars and presentations from the cooperative education project.","CLO1 รวบรวมความรู้ และนำเสนอความรู้ พร้อมผลการดำเนินงานจากการปฏิบัติงานสหกิจศึกษาในรูปแบบของรายงาน
CLO2 นำเสนอการประยุกต์ความรู้ที่ได้รับจากการปฏิบัติงานสหกิจศึกษา
CLO3 นำเสนอแนวทาง และการวางแผนเพื่อต่อยอดความรู้จากการปฏิบัติงานสหกิจศึกษาในการบูรณาการกับปัญหาอื่น ๆ ได้
CLO4 นำเสนอผลงานจากการปฏิบัติงานสหกิจศึกษาที่ได้รับอนุญาตจากสถานประกอบการแล้ว"